Workbook

Sheet Datos
A1: ID | B1: Vendedor | C1: Región | D1: Producto | E1: Ventas | F1: Meta | G1: Cumplimiento | H1: Revisión
A2: 1 | B2: Ana | C2: Norte | D2: Laptop | E2: 24000 | F2: 23500 | G2: =IF(E2>=F2,"Sí","No") | H2: =IF(G2="Sí","Correcta","Revisar")
A3: 2 | B3: Luis | C3: Norte | D3: Laptop | E3: 22000 | F3: 21500 | G3: =IF(E3>=F3,"Sí","No") | H3: =IF(G3="Sí","Correcta","Revisar")
A4: 3 | B4: Carlos | C4: Norte | D4: Laptop | E4: 14000 | F4: 13500 | G4: =IF(E4>=F4,"Sí","No") | H4: =IF(G4="Sí","Correcta","Revisar")
A5: 4 | B5: María | C5: Norte | D5: Laptop | E5: 9900 | F5: 9400 | G5: =IF(E5>=F5,"Sí","No") | H5: =IF(G5="Sí","Correcta","Revisar")
A6: 5 | B6: Pedro | C6: Norte | D6: Tablet | E6: 9000 | F6: 8500 | G6: =IF(E6>=F6,"Sí","No") | H6: =IF(G6="Sí","Correcta","Revisar")
A7: 6 | B7: Sofía | C7: Norte | D7: Tablet | E7: 6000 | F7: 5500 | G7: =IF(E7>=F7,"Sí","No") | H7: =IF(G7="Sí","Correcta","Revisar")
A8: 7 | B8: Diego | C8: Norte | D8: Monitor | E8: 5400 | F8: 6200 | G8: =IF(E8>=F8,"Sí","No") | H8: =IF(G8="Sí","Correcta","Revisar")
A9: 8 | B9: Laura | C9: Norte | D9: Monitor | E9: 4000 | F9: 3500 | G9: =IF(E9>=F9,"Sí","No") | H9: =IF(G9="Sí","Correcta","Revisar")
A10: 9 | B10: Valeria | C10: Centro | D10: Laptop | E10: 10000 | F10: 9500 | G10: =IF(E10>=F10,"Sí","No") | H10: =IF(G10="Sí","Correcta","Revisar")
A11: 10 | B11: Miguel | C11: Centro | D11: Laptop | E11: 8000 | F11: 7500 | G11: =IF(E11>=F11,"Sí","No") | H11: =IF(G11="Sí","Correcta","Revisar")
A12: 11 | B12: Jorge | C12: Centro | D12: Tablet | E12: 15000 | F12: 14500 | G12: =IF(E12>=F12,"Sí","No") | H12: =IF(G12="Sí","Correcta","Revisar")
A13: 12 | B13: Fernanda | C13: Centro | D13: Tablet | E13: 13000 | F13: 12500 | G13: =IF(E13>=F13,"Sí","No") | H13: =IF(G13="Sí","Correcta","Revisar")
... A51: 50 | B51: Paola | C51: Golfo | D51: Monitor | E51: 6000 | F51: 6800 | G51: =IF(E51>=F51,"Sí","No") | H51: =IF(G51="Sí","Correcta","Revisar")
A53: Cumplimiento compara Ventas contra Meta. Revisión marca «Revisar» cuando la meta no se cumplió. Las otras dos hojas leen esta tabla.

Sheet KPIs
A1: KPI / pregunta | B1: Fórmula | C1: Resultado | D1: Interpretación
A2: Ventas totales de Laptop | B2: SUMAR.SI | C2: =SUMIF(Datos!D:D,"Laptop",Datos!E:E) | D2: Laptop representa el 45% de todas las ventas; es el producto más importante.
A3: Ventas totales región Norte | B3: SUMAR.SI | C3: =SUMIF(Datos!C:C,"Norte",Datos!E:E) | D3: Norte aporta el 21% del total de ventas.
A4: Ventas de registros que cumplieron meta | B4: SUMAR.SI | C4: =SUMIF(Datos!G:G,"Sí",Datos!E:E) | D4: El 56% del dinero vendido viene de registros que sí cumplieron la meta.
A5: Laptop en Norte | B5: SUMAR.SI.CONJUNTO | C5: =SUMIFS(Datos!E:E,Datos!D:D,"Laptop",Datos!C:C,"Norte") | D5: Laptop representa el 74% de lo que se vende en Norte.
A6: Tablet en Centro | B6: SUMAR.SI.CONJUNTO | C6: =SUMIFS(Datos!E:E,Datos!D:D,"Tablet",Datos!C:C,"Centro") | D6: Las tablets en Centro suman $38,300; sirve para comparar contra otras regiones.
A8: SUMAR.SI(dónde busco, qué busco, qué sumo) · SUMAR.SI.CONJUNTO(qué sumo, rango1, criterio1, rango2, criterio2)

Sheet Dashboard
A1: DASHBOARD DE VENTAS
A2: Resumen visual para el gerente
A4: Ventas totales | E4: Cumplen meta ($) | I4: Registros con meta | M4: A revisar
A5: =SUM(Datos!E2:E51) | E5: =KPIs!C4 | I5: =COUNTIF(Datos!G2:G51,"Sí") | M5: =COUNTIF(Datos!H2:H51,"Revisar")
A8: Región | B8: Ventas
A9: Norte | B9: =SUMIF(Datos!C:C,A9,Datos!E:E)
A10: Centro | B10: =SUMIF(Datos!C:C,A10,Datos!E:E)
A11: Occidente | B11: =SUMIF(Datos!C:C,A11,Datos!E:E)
A12: Sur | B12: =SUMIF(Datos!C:C,A12,Datos!E:E)
A13: Sureste | B13: =SUMIF(Datos!C:C,A13,Datos!E:E)
A14: Noroeste | B14: =SUMIF(Datos!C:C,A14,Datos!E:E)
A15: Bajío | B15: =SUMIF(Datos!C:C,A15,Datos!E:E)
A16: Golfo | B16: =SUMIF(Datos!C:C,A16,Datos!E:E)
A18: Producto | B18: Ventas
A19: Laptop | B19: =SUMIF(Datos!D:D,A19,Datos!E:E)
A20: Tablet | B20: =SUMIF(Datos!D:D,A20,Datos!E:E)
A21: Monitor | B21: =SUMIF(Datos!D:D,A21,Datos!E:E)
